Workbook

Sheet Employee Master
A1: Sri Narayani Hospital — Employee Master List
A2: Employee ID | B2: Employee Name | C2: Department | D2: Designation | E2: Date of Joining | F2: Contact Number | G2: Email ID | H2: Employment Type | I2: Reporting Manager | J2: Status
A3: ="EMP"&TEXT(ROW()-2,"000") -> EMP001 | B3: Ramya S | C3: Nursing | D3: Staff Nurse | E3: 43983 | F3: 9876501234 | G3: ramya.s@snhrc.in | H3: Permanent | I3: Dr. Priya R | J3: Active
A4: ="EMP"&TEXT(ROW()-2,"000") -> EMP002 | B4: Karthik M | C4: Lab | D4: Lab Technician | E4: 43692 | F4: 9865412303 | G4: karthik.m@snhrc.in | H4: Permanent | I4: Dr. Ramesh K | J4: Active
A5: ="EMP"&TEXT(ROW()-2,"000") -> EMP003 | B5: Preethi N | C5: HR | D5: HR Executive | E5: 44265 | F5: 9754123098 | G5: preethi.n@snhrc.in | H5: Permanent | I5: Mrs. Anitha | J5: Active
A6: ="EMP"&TEXT(ROW()-2,"000") -> EMP004 | B6: Suresh P | C6: Accounts | D6: Accountant | E6: 43122 | F6: 9643201987 | G6: suresh.p@snhrc.in | H6: Permanent | I6: Mr. Vijay | J6: Active
A7: ="EMP"&TEXT(ROW()-2,"000") -> EMP005 | B7: Anbu K | C7: Security | D7: Security Guard | E7: 44747 | F7: 9532098176 | G7: anbu.k@snhrc.in | H7: Contract | I7: Mr. Suresh | J7: Active
A8: ="EMP"&TEXT(ROW()-2,"000") -> EMP006 | B8: Meena R | C8: Pharmacy | D8: Pharmacist | E8: 44153 | F8: 9421087265 | G8: meena.r@snhrc.in | H8: Permanent | I8: Dr. Kavitha | J8: Active
A9: ="EMP"&TEXT(ROW()-2,"000") -> EMP007 | B9: Vijay T | C9: Housekeeping | D9: Housekeeping Staff | E9: 44316 | F9: 9310976354 | G9: vijay.t@snhrc.in | H9: Contract | I9: Mr. Karthik | J9: Active
A10: ="EMP"&TEXT(ROW()-2,"000") -> EMP008 | B10: Divya L | C10: Administration | D10: Admin Officer | E10: 43720 | F10: 9209865243 | G10: divya.l@snhrc.in | H10: Permanent | I10: Mrs. Meena | J10: Active
A11: ="EMP"&TEXT(ROW()-2,"000") -> EMP009 | B11: Arun B | C11: Nursing | D11: Senior Nurse | E11: 44617 | F11: 9198754132 | G11: arun.b@snhrc.in | H11: Permanent | I11: Dr. Priya R | J11: Active
A12: ="EMP"&TEXT(ROW()-2,"000") -> EMP010 | B12: Lakshmi V | C12: Lab | D12: Lab Technician | E12: 45085 | F12: 9087643021 | G12: lakshmi.v@snhrc.in | H12: Probation | I12: Dr. Anitha S | J12: Active
A13: ="EMP"&TEXT(ROW()-2,"000") -> EMP011
A14: ="EMP"&TEXT(ROW()-2,"000") -> EMP012
A15: ="EMP"&TEXT(ROW()-2,"000") -> EMP013
A16: ="EMP"&TEXT(ROW()-2,"000") -> EMP014
A17: ="EMP"&TEXT(ROW()-2,"000") -> EMP015
A18: ="EMP"&TEXT(ROW()-2,"000") -> EMP016
A19: ="EMP"&TEXT(ROW()-2,"000") -> EMP017
A20: ="EMP"&TEXT(ROW()-2,"000") -> EMP018
A21: ="EMP"&TEXT(ROW()-2,"000") -> EMP019
A22: ="EMP"&TEXT(ROW()-2,"000") -> EMP020

Sheet Attendance Sheet
A1: Sri Narayani Hospital — Monthly Attendance Sheet
A2: Month: | B2: May | C2: Year: | D2: 2025
A3: Emp ID | B3: Employee Name | C3: Department | D3: 1 | E3: 2 | F3: 3 | G3: 4 | H3: 5 | I3: 6 | J3: 7 | K3: 8 | L3: 9 | M3: 10 | N3: 11 | O3: 12 | P3: 13 | Q3: 14 | R3: 15 | S3: 16 | T3: 17 | U3: 18 | V3: 19 | W3: 20 | X3: 21 | Y3: 22 | Z3: 23 | AA3: 24 | AB3: 25 | AC3: 26 | AD3: 27 | AE3: 28 | AF3: 29 | AG3: 30 | AH3: 31 | AI3: Total P | AJ3: Total A | AK3: Total L | AL3: Total H | AM3: Total WO | AN3: Working Days | AO3: Attendance %
A4: ='Employee Master'!A3 -> EMP001 | B4: ='Employee Master'!B3 -> Ramya S | C4: ='Employee Master'!C3 -> Nursing | D4: P | E4: P | F4: L | G4: P | H4: P | I4: WO | J4: WO | K4: P | L4: P | M4: P | N4: P | O4: P | P4: WO | Q4: WO | R4: H | S4: P | T4: P | U4: P | V4: P | W4: P | AI4: =COUNTIF(D4:AH4,"P") -> 14 | AJ4: =COUNTIF(D4:AH4,"A") -> 0 | AK4: =COUNTIF(D4:AH4,"L") -> 1 | AL4: =COUNTIF(D4:AH4,"H") -> 1 | AM4: =COUNTIF(D4:AH4,"WO") -> 4 | AN4: =AI4+AJ4+AK4 -> 15 | AO4: =IF(AN4=0,0,ROUND((AI4/AN4)*100,1)) -> 93.3
A5: ='Employee Master'!A4 -> EMP002 | B5: ='Employee Master'!B4 -> Karthik M | C5: ='Employee Master'!C4 -> Lab | D5: P | E5: P | F5: P | G5: P | H5: P | I5: WO | J5: WO | K5: P | L5: P | M5: P | N5: P | O5: P | P5: WO | Q5: WO | R5: H | S5: P | T5: P | U5: P | V5: P | W5: P | AI5: =COUNTIF(D5:AH5,"P") -> 15 | AJ5: =COUNTIF(D5:AH5,"A") -> 0 | AK5: =COUNTIF(D5:AH5,"L") -> 0 | AL5: =COUNTIF(D5:AH5,"H") -> 1 | AM5: =COUNTIF(D5:AH5,"WO") -> 4 | AN5: =AI5+AJ5+AK5 -> 15 | AO5: =IF(AN5=0,0,ROUND((AI5/AN5)*100,1)) -> 100
A6: ='Employee Master'!A5 -> EMP003 | B6: ='Employee Master'!B5 -> Preethi N | C6: ='Employee Master'!C5 -> HR | D6: P | E6: P | F6: P | G6: P | H6: P | I6: WO | J6: WO | K6: P | L6: P | M6: A | N6: P | O6: P | P6: WO | Q6: WO | R6: H | S6: P | T6: P | U6: P | V6: P | W6: P | AI6: =COUNTIF(D6:AH6,"P") -> 14 | AJ6: =COUNTIF(D6:AH6,"A") -> 1 | AK6: =COUNTIF(D6:AH6,"L") -> 0 | AL6: =COUNTIF(D6:AH6,"H") -> 1 | AM6: =COUNTIF(D6:AH6,"WO") -> 4 | AN6: =AI6+AJ6+AK6 -> 15 | AO6: =IF(AN6=0,0,ROUND((AI6/AN6)*100,1)) -> 93.3
A7: ='Employee Master'!A6 -> EMP004 | B7: ='Employee Master'!B6 -> Suresh P | C7: ='Employee Master'!C6 -> Accounts | D7: P | E7: P | F7: P | G7: P | H7: P | I7: WO | J7: WO | K7: P | L7: P | M7: P | N7: P | O7: P | P7: WO | Q7: WO | R7: H | S7: P | T7: P | U7: P | V7: P | W7: P | AI7: =COUNTIF(D7:AH7,"P") -> 15 | AJ7: =COUNTIF(D7:AH7,"A") -> 0 | AK7: =COUNTIF(D7:AH7,"L") -> 0 | AL7: =COUNTIF(D7:AH7,"H") -> 1 | AM7: =COUNTIF(D7:AH7,"WO") -> 4 | AN7: =AI7+AJ7+AK7 -> 15 | AO7: =IF(AN7=0,0,ROUND((AI7/AN7)*100,1)) -> 100
A8: ='Employee Master'!A7 -> EMP005 | B8: ='Employee Master'!B7 -> Anbu K | C8: ='Employee Master'!C7 -> Security | D8: P | E8: P | F8: P | G8: P | H8: P | I8: WO | J8: WO | K8: A | L8: P | M8: P | N8: P | O8: P | P8: WO | Q8: WO | R8: H | S8: P | T8: P | U8: P | V8: P | W8: P | AI8: =COUNTIF(D8:AH8,"P") -> 14 | AJ8: =COUNTIF(D8:AH8,"A") -> 1 | AK8: =COUNTIF(D8:AH8,"L") -> 0 | AL8: =COUNTIF(D8:AH8,"H") -> 1 | AM8: =COUNTIF(D8:AH8,"WO") -> 4 | AN8: =AI8+AJ8+AK8 -> 15 | AO8: =IF(AN8=0,0,ROUND((AI8/AN8)*100,1)) -> 93.3
A9: ='Employee Master'!A8 -> EMP006 | B9: ='Employee Master'!B8 -> Meena R | C9: ='Employee Master'!C8 -> Pharmacy | D9: P | E9: P | F9: P | G9: P | H9: P | I9: WO | J9: WO | K9: P | L9: P | M9: P | N9: P | O9: P | P9: WO | Q9: WO | R9: H | S9: P | T9: P | U9: P | V9: P | W9: P | AI9: =COUNTIF(D9:AH9,"P") -> 15 | AJ9: =COUNTIF(D9:AH9,"A") -> 0 | AK9: =COUNTIF(D9:AH9,"L") -> 0 | AL9: =COUNTIF(D9:AH9,"H") -> 1 | AM9: =COUNTIF(D9:AH9,"WO") -> 4 | AN9: =AI9+AJ9+AK9 -> 15 | AO9: =IF(AN9=0,0,ROUND((AI9/AN9)*100,1)) -> 100
A10: ='Employee Master'!A9 -> EMP007 | B10: ='Employee Master'!B9 -> Vijay T | C10: ='Employee Master'!C9 -> Housekeeping | D10: P | E10: P | F10: P | G10: P | H10: P | I10: WO | J10: WO | K10: P | L10: P | M10: P | N10: P | O10: P | P10: WO | Q10: WO | R10: H | S10: L | T10: L | U10: P | V10: P | W10: P | AI10: =COUNTIF(D10:AH10,"P") -> 13 | AJ10: =COUNTIF(D10:AH10,"A") -> 0 | AK10: =COUNTIF(D10:AH10,"L") -> 2 | AL10: =COUNTIF(D10:AH10,"H") -> 1 | AM10: =COUNTIF(D10:AH10,"WO") -> 4 | AN10: =AI10+AJ10+AK10 -> 15 | AO10: =IF(AN10=0,0,ROUND((AI10/AN10)*100,1)) -> 86.7
A11: ='Employee Master'!A10 -> EMP008 | B11: ='Employee Master'!B10 -> Divya L | C11: ='Employee Master'!C10 -> Administration | D11: P | E11: P | F11: P | G11: P | H11: P | I11: WO | J11: WO | K11: P | L11: P | M11: P | N11: P | O11: P | P11: WO | Q11: WO | R11: H | S11: P | T11: P | U11: P | V11: P | W11: P | AI11: =COUNTIF(D11:AH11,"P") -> 15 | AJ11: =COUNTIF(D11:AH11,"A") -> 0 | AK11: =COUNTIF(D11:AH11,"L") -> 0 | AL11: =COUNTIF(D11:AH11,"H") -> 1 | AM11: =COUNTIF(D11:AH11,"WO") -> 4 | AN11: =AI11+AJ11+AK11 -> 15 | AO11: =IF(AN11=0,0,ROUND((AI11/AN11)*100,1)) -> 100
A12: ='Employee Master'!A11 -> EMP009 | B12: ='Employee Master'!B11 -> Arun B | C12: ='Employee Master'!C11 -> Nursing | D12: P | E12: P | F12: P | G12: P | H12: P | I12: WO | J12: WO | K12: P | L12: P | M12: P | N12: P | O12: P | P12: WO | Q12: WO | R12: H | S12: P | T12: P | U12: P | V12: P | W12: A | AI12: =COUNTIF(D12:AH12,"P") -> 14 | AJ12: =COUNTIF(D12:AH12,"A") -> 1 | AK12: =COUNTIF(D12:AH12,"L") -> 0 | AL12: =COUNTIF(D12:AH12,"H") -> 1 | AM12: =COUNTIF(D12:AH12,"WO") -> 4 | AN12: =AI12+AJ12+AK12 -> 15 | AO12: =IF(AN12=0,0,ROUND((AI12/AN12)*100,1)) -> 93.3
A13: ='Employee Master'!A12 -> EMP010 | B13: ='Employee Master'!B12 -> Lakshmi V | C13: ='Employee Master'!C12 -> Lab | D13: P | E13: P | F13: P | G13: P | H13: P | I13: WO | J13: WO | K13: P | L13: P | M13: P | N13: P | O13: P | P13: WO | Q13: WO | R13: H | S13: P | T13: P | U13: P | V13: P | W13: P | AI13: =COUNTIF(D13:AH13,"P") -> 15 | AJ13: =COUNTIF(D13:AH13,"A") -> 0 | AK13: =COUNTIF(D13:AH13,"L") -> 0 | AL13: =COUNTIF(D13:AH13,"H") -> 1 | AM13: =COUNTIF(D13:AH13,"WO") -> 4 | AN13: =AI13+AJ13+AK13 -> 15 | AO13: =IF(AN13=0,0,ROUND((AI13/AN13)*100,1)) -> 100
B15: LEGEND: | D15: P = Present | F15: A = Absent | H15: L = Leave | J15: H = Holiday | L15: WO = Week Off

Sheet Leave Tracker
A1: Sri Narayani Hospital — Employee Leave Tracker 2025
A2: Leave Year: January 2025 — December 2025
A3: Emp ID | B3: Employee Name | C3: Department | D3: CL Allowed | E3: CL Used | F3: CL Balance | G3: SL Allowed | H3: SL Used | I3: SL Balance | J3: EL Allowed | K3: EL Used | L3: EL Balance | M3: LOP Days | N3: Total Leave Allowed | O3: Total Leave Used | P3: Total Balance | Q3: Leave Status | R3: Remarks
A4: ='Employee Master'!A3 -> EMP001 | B4: ='Employee Master'!B3 -> Ramya S | C4: ='Employee Master'!C3 -> Nursing | D4: 12 | E4: =MIN(COUNTIF('Attendance Sheet'!D4:AH4,"L"),D4) -> 1 | F4: =D4-E4 -> 11 | G4: 12 | H4: =MAX(0,MIN(COUNTIF('Attendance Sheet'!D4:AH4,"L")-E4,G4)) -> 0 | I4: =G4-H4 -> 12 | J4: 15 | K4: =MAX(0,MIN(COUNTIF('Attendance Sheet'!D4:AH4,"L")-E4-H4,J4)) -> 0 | L4: =J4-K4 -> 15 | M4: =MAX(0,COUNTIF('Attendance Sheet'!D4:AH4,"L")-E4-H4-K4) -> 0 | N4: =D4+G4+J4 -> 39 | O4: =E4+H4+K4+M4 -> 1 | P4: =N4-O4 -> 38 | Q4: =IF(P4>=20,"✅ Healthy",IF(P4>=10,"⚠️ Low",IF(P4>0,"🔴 Critical","❌ Exhausted"))) -> ✅ Healthy
A5: ='Employee Master'!A4 -> EMP002 | B5: ='Employee Master'!B4 -> Karthik M | C5: ='Employee Master'!C4 -> Lab | D5: 12 | E5: =MIN(COUNTIF('Attendance Sheet'!D5:AH5,"L"),D5) -> 0 | F5: =D5-E5 -> 12 | G5: 12 | H5: =MAX(0,MIN(COUNTIF('Attendance Sheet'!D5:AH5,"L")-E5,G5)) -> 0 | I5: =G5-H5 -> 12 | J5: 15 | K5: =MAX(0,MIN(COUNTIF('Attendance Sheet'!D5:AH5,"L")-E5-H5,J5)) -> 0 | L5: =J5-K5 -> 15 | M5: =MAX(0,COUNTIF('Attendance Sheet'!D5:AH5,"L")-E5-H5-K5) -> 0 | N5: =D5+G5+J5 -> 39 | O5: =E5+H5+K5+M5 -> 0 | P5: =N5-O5 -> 39 | Q5: =IF(P5>=20,"✅ Healthy",IF(P5>=10,"⚠️ Low",IF(P5>0,"🔴 Critical","❌ Exhausted"))) -> ✅ Healthy
A6: ='Employee Master'!A5 -> EMP003 | B6: ='Employee Master'!B5 -> Preethi N | C6: ='Employee Master'!C5 -> HR | D6: 12 | E6: =MIN(COUNTIF('Attendance Sheet'!D6:AH6,"L"),D6) -> 0 | F6: =D6-E6 -> 12 | G6: 12 | H6: =MAX(0,MIN(COUNTIF('Attendance Sheet'!D6:AH6,"L")-E6,G6)) -> 0 | I6: =G6-H6 -> 12 | J6: 15 | K6: =MAX(0,MIN(COUNTIF('Attendance Sheet'!D6:AH6,"L")-E6-H6,J6)) -> 0 | L6: =J6-K6 -> 15 | M6: =MAX(0,COUNTIF('Attendance Sheet'!D6:AH6,"L")-E6-H6-K6) -> 0 | N6: =D6+G6+J6 -> 39 | O6: =E6+H6+K6+M6 -> 0 | P6: =N6-O6 -> 39 | Q6: =IF(P6>=20,"✅ Healthy",IF(P6>=10,"⚠️ Low",IF(P6>0,"🔴 Critical","❌ Exhausted"))) -> ✅ Healthy
A7: ='Employee Master'!A6 -> EMP004 | B7: ='Employee Master'!B6 -> Suresh P | C7: ='Employee Master'!C6 -> Accounts | D7: 12 | E7: =MIN(COUNTIF('Attendance Sheet'!D7:AH7,"L"),D7) -> 0 | F7: =D7-E7 -> 12 | G7: 12 | H7: =MAX(0,MIN(COUNTIF('Attendance Sheet'!D7:AH7,"L")-E7,G7)) -> 0 | I7: =G7-H7 -> 12 | J7: 15 | K7: =MAX(0,MIN(COUNTIF('Attendance Sheet'!D7:AH7,"L")-E7-H7,J7)) -> 0 | L7: =J7-K7 -> 15 | M7: =MAX(0,COUNTIF('Attendance Sheet'!D7:AH7,"L")-E7-H7-K7) -> 0 | N7: =D7+G7+J7 -> 39 | O7: =E7+H7+K7+M7 -> 0 | P7: =N7-O7 -> 39 | Q7: =IF(P7>=20,"✅ Healthy",IF(P7>=10,"⚠️ Low",IF(P7>0,"🔴 Critical","❌ Exhausted"))) -> ✅ Healthy
A8: ='Employee Master'!A7 -> EMP005 | B8: ='Employee Master'!B7 -> Anbu K | C8: ='Employee Master'!C7 -> Security | D8: 12 | E8: =MIN(COUNTIF('Attendance Sheet'!D8:AH8,"L"),D8) -> 0 | F8: =D8-E8 -> 12 | G8: 12 | H8: =MAX(0,MIN(COUNTIF('Attendance Sheet'!D8:AH8,"L")-E8,G8)) -> 0 | I8: =G8-H8 -> 12 | J8: 15 | K8: =MAX(0,MIN(COUNTIF('Attendance Sheet'!D8:AH8,"L")-E8-H8,J8)) -> 0 | L8: =J8-K8 -> 15 | M8: =MAX(0,COUNTIF('Attendance Sheet'!D8:AH8,"L")-E8-H8-K8) -> 0 | N8: =D8+G8+J8 -> 39 | O8: =E8+H8+K8+M8 -> 0 | P8: =N8-O8 -> 39 | Q8: =IF(P8>=20,"✅ Healthy",IF(P8>=10,"⚠️ Low",IF(P8>0,"🔴 Critical","❌ Exhausted"))) -> ✅ Healthy
A9: ='Employee Master'!A8 -> EMP006 | B9: ='Employee Master'!B8 -> Meena R | C9: ='Employee Master'!C8 -> Pharmacy | D9: 12 | E9: =MIN(COUNTIF('Attendance Sheet'!D9:AH9,"L"),D9) -> 0 | F9: =D9-E9 -> 12 | G9: 12 | H9: =MAX(0,MIN(COUNTIF('Attendance Sheet'!D9:AH9,"L")-E9,G9)) -> 0 | I9: =G9-H9 -> 12 | J9: 15 | K9: =MAX(0,MIN(COUNTIF('Attendance Sheet'!D9:AH9,"L")-E9-H9,J9)) -> 0 | L9: =J9-K9 -> 15 | M9: =MAX(0,COUNTIF('Attendance Sheet'!D9:AH9,"L")-E9-H9-K9) -> 0 | N9: =D9+G9+J9 -> 39 | O9: =E9+H9+K9+M9 -> 0 | P9: =N9-O9 -> 39 | Q9: =IF(P9>=20,"✅ Healthy",IF(P9>=10,"⚠️ Low",IF(P9>0,"🔴 Critical","❌ Exhausted"))) -> ✅ Healthy
A10: ='Employee Master'!A9 -> EMP007 | B10: ='Employee Master'!B9 -> Vijay T | C10: ='Employee Master'!C9 -> Housekeeping | D10: 12 | E10: =MIN(COUNTIF('Attendance Sheet'!D10:AH10,"L"),D10) -> 2 | F10: =D10-E10 -> 10 | G10: 12 | H10: =MAX(0,MIN(COUNTIF('Attendance Sheet'!D10:AH10,"L")-E10,G10)) -> 0 | I10: =G10-H10 -> 12 | J10: 15 | K10: =MAX(0,MIN(COUNTIF('Attendance Sheet'!D10:AH10,"L")-E10-H10,J10)) -> 0 | L10: =J10-K10 -> 15 | M10: =MAX(0,COUNTIF('Attendance Sheet'!D10:AH10,"L")-E10-H10-K10) -> 0 | N10: =D10+G10+J10 -> 39 | O10: =E10+H10+K10+M10 -> 2 | P10: =N10-O10 -> 37 | Q10: =IF(P10>=20,"✅ Healthy",IF(P10>=10,"⚠️ Low",IF(P10>0,"🔴 Critical","❌ Exhausted"))) -> ✅ Healthy
A11: ='Employee Master'!A10 -> EMP008 | B11: ='Employee Master'!B10 -> Divya L | C11: ='Employee Master'!C10 -> Administration | D11: 12 | E11: =MIN(COUNTIF('Attendance Sheet'!D11:AH11,"L"),D11) -> 0 | F11: =D11-E11 -> 12 | G11: 12 | H11: =MAX(0,MIN(COUNTIF('Attendance Sheet'!D11:AH11,"L")-E11,G11)) -> 0 | I11: =G11-H11 -> 12 | J11: 15 | K11: =MAX(0,MIN(COUNTIF('Attendance Sheet'!D11:AH11,"L")-E11-H11,J11)) -> 0 | L11: =J11-K11 -> 15 | M11: =MAX(0,COUNTIF('Attendance Sheet'!D11:AH11,"L")-E11-H11-K11) -> 0 | N11: =D11+G11+J11 -> 39 | O11: =E11+H11+K11+M11 -> 0 | P11: =N11-O11 -> 39 | Q11: =IF(P11>=20,"✅ Healthy",IF(P11>=10,"⚠️ Low",IF(P11>0,"🔴 Critical","❌ Exhausted"))) -> ✅ Healthy
A12: ='Employee Master'!A11 -> EMP009 | B12: ='Employee Master'!B11 -> Arun B | C12: ='Employee Master'!C11 -> Nursing | D12: 12 | E12: =MIN(COUNTIF('Attendance Sheet'!D12:AH12,"L"),D12) -> 0 | F12: =D12-E12 -> 12 | G12: 12 | H12: =MAX(0,MIN(COUNTIF('Attendance Sheet'!D12:AH12,"L")-E12,G12)) -> 0 | I12: =G12-H12 -> 12 | J12: 15 | K12: =MAX(0,MIN(COUNTIF('Attendance Sheet'!D12:AH12,"L")-E12-H12,J12)) -> 0 | L12: =J12-K12 -> 15 | M12: =MAX(0,COUNTIF('Attendance Sheet'!D12:AH12,"L")-E12-H12-K12) -> 0 | N12: =D12+G12+J12 -> 39 | O12: =E12+H12+K12+M12 -> 0 | P12: =N12-O12 -> 39 | Q12: =IF(P12>=20,"✅ Healthy",IF(P12>=10,"⚠️ Low",IF(P12>0,"🔴 Critical","❌ Exhausted"))) -> ✅ Healthy
A13: ='Employee Master'!A12 -> EMP010 | B13: ='Employee Master'!B12 -> Lakshmi V | C13: ='Employee Master'!C12 -> Lab | D13: 12 | E13: =MIN(COUNTIF('Attendance Sheet'!D13:AH13,"L"),D13) -> 0 | F13: =D13-E13 -> 12 | G13: 12 | H13: =MAX(0,MIN(COUNTIF('Attendance Sheet'!D13:AH13,"L")-E13,G13)) -> 0 | I13: =G13-H13 -> 12 | J13: 15 | K13: =MAX(0,MIN(COUNTIF('Attendance Sheet'!D13:AH13,"L")-E13-H13,J13)) -> 0 | L13: =J13-K13 -> 15 | M13: =MAX(0,COUNTIF('Attendance Sheet'!D13:AH13,"L")-E13-H13-K13) -> 0 | N13: =D13+G13+J13 -> 39 | O13: =E13+H13+K13+M13 -> 0 | P13: =N13-O13 -> 39 | Q13: =IF(P13>=20,"✅ Healthy",IF(P13>=10,"⚠️ Low",IF(P13>0,"🔴 Critical","❌ Exhausted"))) -> ✅ Healthy
A14: DEPARTMENT TOTAL | E14: =SUM(E4:E13) -> 3 | H14: =SUM(H4:H13) -> 0 | K14: =SUM(K4:K13) -> 0 | M14: =SUM(M4:M13) -> 0 | O14: =SUM(O4:O13) -> 3 | P14: =SUM(P4:P13) -> 387
A16: Leave Policy Reference
A17: Casual Leave (CL): 12 days/year | Sick Leave (SL): 12 days/year | Earned Leave (EL): 15 days/year | LOP: Deducted from salary

Sheet Dashboard
A1: Sri Narayani Hospital — Attendance & Leave Dashboard 2025
A2: Auto-updated Summary | Data pulled from Attendance Sheet & Leave Tracker
B4: TOTAL EMPLOYEES | D4: AVG ATTENDANCE % | F4: TOTAL LEAVES USED | H4: TOTAL LOP DAYS
B5: =COUNTA('Employee Master'!B3:B22) -> 10 | D5: =ROUND(AVERAGE('Attendance Sheet'!AO4:AO13),1)&"%" -> 96% | F5: =SUM('Leave Tracker'!O4:O13) -> 3 | H5: =SUM('Leave Tracker'!M4:M13) -> 0
A8: Employee Name | B8: Attendance % | D8: Leave Type | E8: Days Used | G8: Department | H8: Avg Attendance %
A9: ='Attendance Sheet'!B4 -> Ramya S | B9: =VALUE(SUBSTITUTE('Attendance Sheet'!AO4,"%","")) -> 93.3 | D9: Casual Leave | E9: =SUM('Leave Tracker'!E4:E13) -> 3 | G9: Administration | H9: =AVERAGEIF('Attendance Sheet'!C4:C13,"Administration",'Attendance Sheet'!AO4:AO13) -> 100
A10: ='Attendance Sheet'!B5 -> Karthik M | B10: =VALUE(SUBSTITUTE('Attendance Sheet'!AO5,"%","")) -> 100 | D10: Sick Leave | E10: =SUM('Leave Tracker'!H4:H13) -> 0 | G10: HR | H10: =AVERAGEIF('Attendance Sheet'!C4:C13,"HR",'Attendance Sheet'!AO4:AO13) -> 93.3
A11: ='Attendance Sheet'!B6 -> Preethi N | B11: =VALUE(SUBSTITUTE('Attendance Sheet'!AO6,"%","")) -> 93.3 | D11: Earned Leave | E11: =SUM('Leave Tracker'!K4:K13) -> 0 | G11: Nursing | H11: =AVERAGEIF('Attendance Sheet'!C4:C13,"Nursing",'Attendance Sheet'!AO4:AO13) -> 93.3
A12: ='Attendance Sheet'!B7 -> Suresh P | B12: =VALUE(SUBSTITUTE('Attendance Sheet'!AO7,"%","")) -> 100 | D12: Loss of Pay | E12: =SUM('Leave Tracker'!M4:M13) -> 0 | G12: Lab | H12: =AVERAGEIF('Attendance Sheet'!C4:C13,"Lab",'Attendance Sheet'!AO4:AO13) -> 100
A13: ='Attendance Sheet'!B8 -> Anbu K | B13: =VALUE(SUBSTITUTE('Attendance Sheet'!AO8,"%","")) -> 93.3 | G13: Pharmacy | H13: =AVERAGEIF('Attendance Sheet'!C4:C13,"Pharmacy",'Attendance Sheet'!AO4:AO13) -> 100
A14: ='Attendance Sheet'!B9 -> Meena R | B14: =VALUE(SUBSTITUTE('Attendance Sheet'!AO9,"%","")) -> 100
A15: ='Attendance Sheet'!B10 -> Vijay T | B15: =VALUE(SUBSTITUTE('Attendance Sheet'!AO10,"%","")) -> 86.7
A16: ='Attendance Sheet'!B11 -> Divya L | B16: =VALUE(SUBSTITUTE('Attendance Sheet'!AO11,"%","")) -> 100
A17: ='Attendance Sheet'!B12 -> Arun B | B17: =VALUE(SUBSTITUTE('Attendance Sheet'!AO12,"%","")) -> 93.3
A18: ='Attendance Sheet'!B13 -> Lakshmi V | B18: =VALUE(SUBSTITUTE('Attendance Sheet'!AO13,"%","")) -> 100
